Workbook
Name Family: [2]Sheet1!$A$2
Name Family: 'Design Table'!$A$2

Sheet GlobalVariables
A1: Board Thickness (in): | B1: 0.75
A2: Number of Staves: | B2: 6 | C2: Stave Bevel (180/n): | D2: =180/B2 -> 30
A3: Flare to Drone Ratio: | B3: =(1/(B2/2)) -> 0.33333333
A4: Degree of Flare (φ): | B4: 9.5
A5: Bevel Angle: | B5: =DEGREES(ASIN(SIN((90-$B$4)*PI()/180)*SIN($D$2*PI()/180))) -> 29.547359 | C5: Bevel Compliment: | D5: =90-B5 -> 60.452641
A6: Crosscut Angle: | B6: =DEGREES(ATAN(COS((90-$B$4)*PI()/180)*TAN($D$2*PI()/180))) -> 5.4432951
A7: Stave A Extra Length (in): | B7: 1
A8: Stave B Extra Length (in): | B8: 0
A9: Wood Type 1 ($/in^3) | B9: 0.15
A10: Wood Type 2 ($/in^3) | B10: 0.15
A11: Saw Blade Kerf (in): | B11: 0.095
A12: Horizontal Kerf (in): | B12: =B11/COS(PI()/$B$2) -> 0.10969655
A13: Dado Depth (in): | B13: 0.375

Sheet Design Table
A1: Design Table for: Ashiko Staves
B2: Crosscut Angle@Sketch1 | C2: Crosscut Angle 2@Sketch1 | D2: BISW@Sketch1 | E2: Cut To Length@Sketch1 | F2: D1@Boss-Extrude1 | G2: Degree of Flare (plus ninety)@Sketch3 | H2: D3@Boss-Extrude1
A3: 01. Stave B - C3 | B3: =GlobalVariables!$B$6+90 -> 95.443295 | C3: =B3 -> 95.443295 | D3: ='[1]Design Table'!$M2 -> 0.877 | E3: ='[1]Design Table'!$I2 -> 9.1237694 | F3: =GlobalVariables!$B$1 -> 0.75 | G3: =GlobalVariables!$B$4+90 -> 99.5 | H3: =GlobalVariables!$B$5 -> 29.547359
A4: 02. Stave B - B2 | B4: =GlobalVariables!$B$6+90 -> 95.443295 | C4: =B4 -> 95.443295 | D4: ='[1]Design Table'!$M3 -> 0.9105 | E4: ='[1]Design Table'!$I3 -> 9.6586216 | F4: =GlobalVariables!$B$1 -> 0.75 | G4: =GlobalVariables!$B$4+90 -> 99.5 | H4: =GlobalVariables!$B$5 -> 29.547359
A5: 03. Stave B - A2# | B5: =GlobalVariables!$B$6+90 -> 95.443295 | C5: =B5 -> 95.443295 | D5: ='[1]Design Table'!$M4 -> 0.945 | E5: ='[1]Design Table'!$I4 -> 10.216773 | F5: =GlobalVariables!$B$1 -> 0.75 | G5: =GlobalVariables!$B$4+90 -> 99.5 | H5: =GlobalVariables!$B$5 -> 29.547359
A6: 04. Stave B - A2 | B6: =GlobalVariables!$B$6+90 -> 95.443295 | C6: =B6 -> 95.443295 | D6: ='[1]Design Table'!$M5 -> 0.9825 | E6: ='[1]Design Table'!$I5 -> 10.825844 | F6: =GlobalVariables!$B$1 -> 0.75 | G6: =GlobalVariables!$B$4+90 -> 99.5 | H6: =GlobalVariables!$B$5 -> 29.547359
A7: 05. Stave B - G2# | B7: =GlobalVariables!$B$6+90 -> 95.443295 | C7: =B7 -> 95.443295 | D7: ='[1]Design Table'!$M6 -> 1.086 | E7: ='[1]Design Table'!$I6 -> 11.488068 | F7: =GlobalVariables!$B$1 -> 0.75 | G7: =GlobalVariables!$B$4+90 -> 99.5 | H7: =GlobalVariables!$B$5 -> 29.547359
A8: 06. Stave B - G2 | B8: =GlobalVariables!$B$6+90 -> 95.443295 | C8: =B8 -> 95.443295 | D8: ='[1]Design Table'!$M7 -> 1.1275 | E8: ='[1]Design Table'!$I7 -> 12.161286 | F8: =GlobalVariables!$B$1 -> 0.75 | G8: =GlobalVariables!$B$4+90 -> 99.5 | H8: =GlobalVariables!$B$5 -> 29.547359
A9: 07. Stave B - F2# | B9: =GlobalVariables!$B$6+90 -> 95.443295 | C9: =B9 -> 95.443295 | D9: ='[1]Design Table'!$M8 -> 1.172 | E9: ='[1]Design Table'!$I8 -> 12.875347 | F9: =GlobalVariables!$B$1 -> 0.75 | G9: =GlobalVariables!$B$4+90 -> 99.5 | H9: =GlobalVariables!$B$5 -> 29.547359
A10: 08. Stave B - F2 | B10: =GlobalVariables!$B$6+90 -> 95.443295 | C10: =B10 -> 95.443295 | D10: ='[1]Design Table'!$M9 -> 1.2185 | E10: ='[1]Design Table'!$I9 -> 13.63166 | F10: =GlobalVariables!$B$1 -> 0.75 | G10: =GlobalVariables!$B$4+90 -> 99.5 | H10: =GlobalVariables!$B$5 -> 29.547359
A11: 09. Stave B - E2 | B11: =GlobalVariables!$B$6+90 -> 95.443295 | C11: =B11 -> 95.443295 | D11: ='[1]Design Table'!$M10 -> 1.3325 | E11: ='[1]Design Table'!$I10 -> 14.458487 | F11: =GlobalVariables!$B$1 -> 0.75 | G11: =GlobalVariables!$B$4+90 -> 99.5 | H11: =GlobalVariables!$B$5 -> 29.547359
A12: 10. Stave B - D2# | B12: =GlobalVariables!$B$6+90 -> 95.443295 | C12: =B12 -> 95.443295 | D12: ='[1]Design Table'!$M11 -> 1.385 | E12: ='[1]Design Table'!$I11 -> 15.308594 | F12: =GlobalVariables!$B$1 -> 0.75 | G12: =GlobalVariables!$B$4+90 -> 99.5 | H12: =GlobalVariables!$B$5 -> 29.547359
A13: 11. Stave B - D2 | B13: =GlobalVariables!$B$6+90 -> 95.443295 | C13: =B13 -> 95.443295 | D13: ='[1]Design Table'!$M12 -> 1.4405 | E13: ='[1]Design Table'!$I12 -> 16.207148 | F13: =GlobalVariables!$B$1 -> 0.75 | G13: =GlobalVariables!$B$4+90 -> 99.5 | H13: =GlobalVariables!$B$5 -> 29.547359
A14: 12. Stave B - C2# | B14: =GlobalVariables!$B$6+90 -> 95.443295 | C14: =B14 -> 95.443295 | D14: ='[1]Design Table'!$M13 -> 1.5635 | E14: ='[1]Design Table'!$I13 -> 17.185489 | F14: =GlobalVariables!$B$1 -> 0.75 | G14: =GlobalVariables!$B$4+90 -> 99.5 | H14: =GlobalVariables!$B$5 -> 29.547359
... A27: 25. Stave B - C1 | B27: =GlobalVariables!$B$6+90 -> 95.443295 | C27: =B27 -> 95.443295 | D27: ='[1]Design Table'!$M26 -> 2.8685 | E27: ='[1]Design Table'!$I26 -> 36.244353 | F27: =GlobalVariables!$B$1 -> 0.75 | G27: =GlobalVariables!$B$4+90 -> 99.5 | H27: =GlobalVariables!$B$5 -> 29.547359

Sheet Ashiko Variables
A1: Board Thickness (in): | B1: 0.75 | C1: Saw Blade Kerf (in): | D1: 0.095
A2: Number of Staves: | B2: 6 | C2: Stave Bevel (θ/2): | D2: =180/B2 -> 30
A3: Aspect Ratio (BH/HD): | B3: 1.618 | C3: Bevel Radians: | D3: =D2*PI()/180 -> 0.52359878
A4: Crosscut Angle: | B4: =DEGREES(ATAN(COS((90-Ashikos!$D$5)*PI()/180)*TAN($D$2*PI()/180))) -> 2.3062792 | C4: Aspect Ratio (Height/OD): | D4: 2
A5: Blade Tilt: | B5: =DEGREES(ASIN(SIN((90-Ashikos!$D$5)*PI()/180)*SIN($D$2*PI()/180))) -> 29.919452 | C5: Degree of Flare (φ): | D5: 12
A6: Extra Stave Length (in): | B6: 0.5
A7: Aspect Ratio (BD/HD): | B7: 0.5
A8: Turned Shell OD - ID (in): | B8: 0.5
A9: Wood Type 1 ($/in^3) | B9: 0.128
A10: Wood Type 2 ($/in^3) | B10: 0.111
A11: Turned Shell OD - ID (in): | B11: 0.5
A15: Number of Staves: | C15: Aspect Ratio (BH/HD): | D15: Aspect Ratio (L/OD):
A16: 3 | C16: 1/4 | D16: 1
A17: 4 | C17: 5/16 | D17: 1.25
A18: 5 | C18: 3/8 | D18: 1.5
A19: 6 | C19: 7/16 | D19: 1.618
A20: 7 | C20: 1/2 | D20: 1.75
A21: 8 | C21: 9/16 | D21: 1.875
A22: 9 | C22: 5/8 | D22: 2
A23: 10 | C23: 11/16 | D23: 2.125
A24: 11 | C24: 3/4 | D24: 2.25
A25: 12 | C25: 13/16
A26: 13 | C26: 7/8
A27: 14
A28: 15
A29: 16
A30: 17
A31: 18
A32: 19
A33: 20
A34: 21
A35: 22
A36: 23
A37: 24
A38: 25
... A43: 30

Sheet Ashikos
A1: Head to Base Aspect Ratio Driven
A2: =NOW() -> 41423.944
A3: Drum Head Diameter (in) | B3: 6 | C3: 7 | D3: 8 | E3: 9 | F3: 10 | G3: 11 | H3: 12 | I3: 13 | J3: 14 | K3: 15 | L3: 16 | M3: 17
A4: Perpendicular Build Height (in) | B4: ='Ashiko Variables'!$B$3*B3 -> 9.708 | C4: ='Ashiko Variables'!$B$3*C3 -> 11.326 | D4: ='Ashiko Variables'!$B$3*D3 -> 12.944 | E4: ='Ashiko Variables'!$B$3*E3 -> 14.562 | F4: ='Ashiko Variables'!$B$3*F3 -> 16.18 | G4: ='Ashiko Variables'!$B$3*G3 -> 17.798 | H4: ='Ashiko Variables'!$B$3*H3 -> 19.416 | I4: ='Ashiko Variables'!$B$3*I3 -> 21.034 | ... M4: ='Ashiko Variables'!$B$3*M3 -> 27.506
A5: Drum Base Diameter (in) | B5: =B3*'Ashiko Variables'!$B$7 -> 3 | C5: =C3*'Ashiko Variables'!$B$7 -> 3.5 | D5: =D3*'Ashiko Variables'!$B$7 -> 4 | E5: =E3*'Ashiko Variables'!$B$7 -> 4.5 | F5: =F3*'Ashiko Variables'!$B$7 -> 5 | G5: =G3*'Ashiko Variables'!$B$7 -> 5.5 | H5: =H3*'Ashiko Variables'!$B$7 -> 6 | I5: =I3*'Ashiko Variables'!$B$7 -> 6.5 | ... M5: =M3*'Ashiko Variables'!$B$7 -> 8.5
A6: Crosscut Angle: | B6: =DEGREES(ATAN(COS((90-'Ashiko Variables'!$D$5)*PI()/180)*TAN('Ashiko Variables'!$D$2*PI()/180))) -> 6.8449124 | C6: =DEGREES(ATAN(COS((90-'Ashiko Variables'!$D$5)*PI()/180)*TAN('Ashiko Variables'!$D$2*PI()/180))) -> 6.8449124 | D6: =DEGREES(ATAN(COS((90-'Ashiko Variables'!$D$5)*PI()/180)*TAN('Ashiko Variables'!$D$2*PI()/180))) -> 6.8449124 | E6: =DEGREES(ATAN(COS((90-'Ashiko Variables'!$D$5)*PI()/180)*TAN('Ashiko Variables'!$D$2*PI()/180))) -> 6.8449124 | F6: =DEGREES(ATAN(COS((90-'Ashiko Variables'!$D$5)*PI()/180)*TAN('Ashiko Variables'!$D$2*PI()/180))) -> 6.8449124 | G6: =DEGREES(ATAN(COS((90-'Ashiko Variables'!$D$5)*PI()/180)*TAN('Ashiko Variables'!$D$2*PI()/180))) -> 6.8449124 | H6: =DEGREES(ATAN(COS((90-'Ashiko Variables'!$D$5)*PI()/180)*TAN('Ashiko Variables'!$D$2*PI()/180))) -> 6.8449124 | I6: =DEGREES(ATAN(COS((90-'Ashiko Variables'!$D$5)*PI()/180)*TAN('Ashiko Variables'!$D$2*PI()/180))) -> 6.8449124 | ... M6: =DEGREES(ATAN(COS((90-'Ashiko Variables'!$D$5)*PI()/180)*TAN('Ashiko Variables'!$D$2*PI()/180))) -> 6.8449124
A7: Blade Tilt: | B7: =DEGREES(ASIN(SIN((90-'Ashiko Variables'!$D$5)*PI()/180)*SIN('Ashiko Variables'!$D$2*PI()/180))) -> 29.279723 | C7: =DEGREES(ASIN(SIN((90-'Ashiko Variables'!$D$5)*PI()/180)*SIN('Ashiko Variables'!$D$2*PI()/180))) -> 29.279723 | D7: =DEGREES(ASIN(SIN((90-'Ashiko Variables'!$D$5)*PI()/180)*SIN('Ashiko Variables'!$D$2*PI()/180))) -> 29.279723 | E7: =DEGREES(ASIN(SIN((90-'Ashiko Variables'!$D$5)*PI()/180)*SIN('Ashiko Variables'!$D$2*PI()/180))) -> 29.279723 | F7: =DEGREES(ASIN(SIN((90-'Ashiko Variables'!$D$5)*PI()/180)*SIN('Ashiko Variables'!$D$2*PI()/180))) -> 29.279723 | G7: =DEGREES(ASIN(SIN((90-'Ashiko Variables'!$D$5)*PI()/180)*SIN('Ashiko Variables'!$D$2*PI()/180))) -> 29.279723 | H7: =DEGREES(ASIN(SIN((90-'Ashiko Variables'!$D$5)*PI()/180)*SIN('Ashiko Variables'!$D$2*PI()/180))) -> 29.279723 | I7: =DEGREES(ASIN(SIN((90-'Ashiko Variables'!$D$5)*PI()/180)*SIN('Ashiko Variables'!$D$2*PI()/180))) -> 29.279723 | ... M7: =DEGREES(ASIN(SIN((90-'Ashiko Variables'!$D$5)*PI()/180)*SIN('Ashiko Variables'!$D$2*PI()/180))) -> 29.279723
A8: Slant Height (in) | B8: =(B4)/COS('Ashiko Variables'!$B$7*PI()/180) -> 9.7083697 | C8: =(C4)/COS('Ashiko Variables'!$B$7*PI()/180) -> 11.326431 | D8: =(D4)/COS('Ashiko Variables'!$B$7*PI()/180) -> 12.944493 | E8: =(E4)/COS('Ashiko Variables'!$B$7*PI()/180) -> 14.562554 | F8: =(F4)/COS('Ashiko Variables'!$B$7*PI()/180) -> 16.180616 | G8: =(G4)/COS('Ashiko Variables'!$B$7*PI()/180) -> 17.798678 | H8: =(H4)/COS('Ashiko Variables'!$B$7*PI()/180) -> 19.416739 | I8: =(I4)/COS('Ashiko Variables'!$B$7*PI()/180) -> 21.034801 | ... M8: =(M4)/COS('Ashiko Variables'!$B$7*PI()/180) -> 27.507047 | N8: x
A9: Cut To Length (in) | B9: =CEILING(B8+'Ashiko Variables'!$B$6, 0.125) -> 10.25 | C9: =CEILING(C8+'Ashiko Variables'!$B$6, 0.125) -> 11.875 | D9: =CEILING(D8+'Ashiko Variables'!$B$6, 0.125) -> 13.5 | E9: =CEILING(E8+'Ashiko Variables'!$B$6, 0.125) -> 15.125 | F9: =CEILING(F8+'Ashiko Variables'!$B$6, 0.125) -> 16.75 | G9: =CEILING(G8+'Ashiko Variables'!$B$6, 0.125) -> 18.375 | H9: =CEILING(H8+'Ashiko Variables'!$B$6, 0.125) -> 20 | I9: =CEILING(I8+'Ashiko Variables'!$B$6, 0.125) -> 21.625 | ... M9: =CEILING(M8+'Ashiko Variables'!$B$6, 0.125) -> 28.125 | N9: x
A10: Head Inner Width (in) | B10: =(B3-'Ashiko Variables'!$B$8)*SIN('Ashiko Variables'!$D$3) -> 2.75 | C10: =(C3-'Ashiko Variables'!$B$8)*SIN('Ashiko Variables'!$D$3) -> 3.25 | D10: =(D3-'Ashiko Variables'!$B$8)*SIN('Ashiko Variables'!$D$3) -> 3.75 | E10: =(E3-'Ashiko Variables'!$B$8)*SIN('Ashiko Variables'!$D$3) -> 4.25 | F10: =(F3-'Ashiko Variables'!$B$8)*SIN('Ashiko Variables'!$D$3) -> 4.75 | G10: =(G3-'Ashiko Variables'!$B$8)*SIN('Ashiko Variables'!$D$3) -> 5.25 | H10: =(H3-'Ashiko Variables'!$B$8)*SIN('Ashiko Variables'!$D$3) -> 5.75 | I10: =(I3-'Ashiko Variables'!$B$8)*SIN('Ashiko Variables'!$D$3) -> 6.25 | ... M10: =(M3-'Ashiko Variables'!$B$8)*SIN('Ashiko Variables'!$D$3) -> 8.25
A11: Head Outer Width (in) | B11: =2*(('Ashiko Variables'!$B$1/COS('Ashiko Variables'!$B$7*PI()/180))*TAN('Ashiko Variables'!$D$3)+((B3-'Ashiko Variables'!$B$8)/2)*SIN('Ashiko Variables'!$D$3)) -> 3.6160584 | C11: =2*(('Ashiko Variables'!$B$1/COS('Ashiko Variables'!$B$7*PI()/180))*TAN('Ashiko Variables'!$D$3)+((C3-'Ashiko Variables'!$B$8)/2)*SIN('Ashiko Variables'!$D$3)) -> 4.1160584 | D11: =2*(('Ashiko Variables'!$B$1/COS('Ashiko Variables'!$B$7*PI()/180))*TAN('Ashiko Variables'!$D$3)+((D3-'Ashiko Variables'!$B$8)/2)*SIN('Ashiko Variables'!$D$3)) -> 4.6160584 | E11: =2*(('Ashiko Variables'!$B$1/COS('Ashiko Variables'!$B$7*PI()/180))*TAN('Ashiko Variables'!$D$3)+((E3-'Ashiko Variables'!$B$8)/2)*SIN('Ashiko Variables'!$D$3)) -> 5.1160584 | F11: =2*(('Ashiko Variables'!$B$1/COS('Ashiko Variables'!$B$7*PI()/180))*TAN('Ashiko Variables'!$D$3)+((F3-'Ashiko Variables'!$B$8)/2)*SIN('Ashiko Variables'!$D$3)) -> 5.6160584 | G11: =2*(('Ashiko Variables'!$B$1/COS('Ashiko Variables'!$B$7*PI()/180))*TAN('Ashiko Variables'!$D$3)+((G3-'Ashiko Variables'!$B$8)/2)*SIN('Ashiko Variables'!$D$3)) -> 6.1160584 | H11: =2*(('Ashiko Variables'!$B$1/COS('Ashiko Variables'!$B$7*PI()/180))*TAN('Ashiko Variables'!$D$3)+((H3-'Ashiko Variables'!$B$8)/2)*SIN('Ashiko Variables'!$D$3)) -> 6.6160584 | I11: =2*(('Ashiko Variables'!$B$1/COS('Ashiko Variables'!$B$7*PI()/180))*TAN('Ashiko Variables'!$D$3)+((I3-'Ashiko Variables'!$B$8)/2)*SIN('Ashiko Variables'!$D$3)) -> 7.1160584 | ... M11: =2*(('Ashiko Variables'!$B$1/COS('Ashiko Variables'!$B$7*PI()/180))*TAN('Ashiko Variables'!$D$3)+((M3-'Ashiko Variables'!$B$8)/2)*SIN('Ashiko Variables'!$D$3)) -> 9.1160584
A12: Base Inner Width (in) | B12: =(B5)*SIN('Ashiko Variables'!$D$3) -> 1.5 | C12: =(C5)*SIN('Ashiko Variables'!$D$3) -> 1.75 | D12: =(D5)*SIN('Ashiko Variables'!$D$3) -> 2 | E12: =(E5)*SIN('Ashiko Variables'!$D$3) -> 2.25 | F12: =(F5)*SIN('Ashiko Variables'!$D$3) -> 2.5 | G12: =(G5)*SIN('Ashiko Variables'!$D$3) -> 2.75 | H12: =(H5)*SIN('Ashiko Variables'!$D$3) -> 3 | I12: =(I5)*SIN('Ashiko Variables'!$D$3) -> 3.25 | ... M12: =(M5)*SIN('Ashiko Variables'!$D$3) -> 4.25 | N12: x
A13: Base Outer Width (in) | B13: =2*(('Ashiko Variables'!$B$1/COS('Ashiko Variables'!$B$7*PI()/180))*TAN('Ashiko Variables'!$D$3)+(B5/2)*SIN('Ashiko Variables'!$D$3)) -> 2.3660584 | C13: =2*(('Ashiko Variables'!$B$1/COS('Ashiko Variables'!$B$7*PI()/180))*TAN('Ashiko Variables'!$D$3)+(C5/2)*SIN('Ashiko Variables'!$D$3)) -> 2.6160584 | D13: =2*(('Ashiko Variables'!$B$1/COS('Ashiko Variables'!$B$7*PI()/180))*TAN('Ashiko Variables'!$D$3)+(D5/2)*SIN('Ashiko Variables'!$D$3)) -> 2.8660584 | E13: =2*(('Ashiko Variables'!$B$1/COS('Ashiko Variables'!$B$7*PI()/180))*TAN('Ashiko Variables'!$D$3)+(E5/2)*SIN('Ashiko Variables'!$D$3)) -> 3.1160584 | F13: =2*(('Ashiko Variables'!$B$1/COS('Ashiko Variables'!$B$7*PI()/180))*TAN('Ashiko Variables'!$D$3)+(F5/2)*SIN('Ashiko Variables'!$D$3)) -> 3.3660584 | G13: =2*(('Ashiko Variables'!$B$1/COS('Ashiko Variables'!$B$7*PI()/180))*TAN('Ashiko Variables'!$D$3)+(G5/2)*SIN('Ashiko Variables'!$D$3)) -> 3.6160584 | H13: =2*(('Ashiko Variables'!$B$1/COS('Ashiko Variables'!$B$7*PI()/180))*TAN('Ashiko Variables'!$D$3)+(H5/2)*SIN('Ashiko Variables'!$D$3)) -> 3.8660584 | I13: =2*(('Ashiko Variables'!$B$1/COS('Ashiko Variables'!$B$7*PI()/180))*TAN('Ashiko Variables'!$D$3)+(I5/2)*SIN('Ashiko Variables'!$D$3)) -> 4.1160584 | ... M13: =2*(('Ashiko Variables'!$B$1/COS('Ashiko Variables'!$B$7*PI()/180))*TAN('Ashiko Variables'!$D$3)+(M5/2)*SIN('Ashiko Variables'!$D$3)) -> 5.1160584
A14: Sloped Based
A15: =NOW() -> 41423.944
A16: Drum Head Diameter (in) | B16: 6 | C16: 7 | D16: 8 | E16: 9 | F16: 10 | G16: 11 | H16: 12 | I16: 13 | J16: 14 | K16: 15 | L16: 16 | M16: 17
A17: Perpendicular Build Height (in) | B17: ='Ashiko Variables'!$D$4*B16 -> 12 | C17: ='Ashiko Variables'!$D$4*C16 -> 14 | D17: ='Ashiko Variables'!$D$4*D16 -> 16 | E17: ='Ashiko Variables'!$D$4*E16 -> 18 | F17: ='Ashiko Variables'!$D$4*F16 -> 20 | G17: ='Ashiko Variables'!$D$4*G16 -> 22 | H17: ='Ashiko Variables'!$D$4*H16 -> 24 | I17: ='Ashiko Variables'!$D$4*I16 -> 26 | ... M17: ='Ashiko Variables'!$D$4*M16 -> 34
A18: Drum Base Diameter (in) | B18: =(B16-'Ashiko Variables'!$B$11)-(2*B17*TAN('Ashiko Variables'!$D$5*PI()/180)) -> 0.39864252 | C18: =(C16-'Ashiko Variables'!$B$11)-(2*C17*TAN('Ashiko Variables'!$D$5*PI()/180)) -> 0.54841627 | D18: =(D16-'Ashiko Variables'!$B$11)-(2*D17*TAN('Ashiko Variables'!$D$5*PI()/180)) -> 0.69819003 | E18: =(E16-'Ashiko Variables'!$B$11)-(2*E17*TAN('Ashiko Variables'!$D$5*PI()/180)) -> 0.84796378 | F18: =(F16-'Ashiko Variables'!$B$11)-(2*F17*TAN('Ashiko Variables'!$D$5*PI()/180)) -> 0.99773753 | G18: =(G16-'Ashiko Variables'!$B$11)-(2*G17*TAN('Ashiko Variables'!$D$5*PI()/180)) -> 1.1475113 | H18: =(H16-'Ashiko Variables'!$B$11)-(2*H17*TAN('Ashiko Variables'!$D$5*PI()/180)) -> 1.297285 | I18: =(I16-'Ashiko Variables'!$B$11)-(2*I17*TAN('Ashiko Variables'!$D$5*PI()/180)) -> 1.4470588 | ... M18: =(M16-'Ashiko Variables'!$B$11)-(2*M17*TAN('Ashiko Variables'!$D$5*PI()/180)) -> 2.0461538
A19: Slant Height (in) | B19: =(B17)/COS('Ashiko Variables'!$D$5*PI()/180) -> 12.268087 | C19: =(C17)/COS('Ashiko Variables'!$D$5*PI()/180) -> 14.312768 | D19: =(D17)/COS('Ashiko Variables'!$D$5*PI()/180) -> 16.35745 | E19: =(E17)/COS('Ashiko Variables'!$D$5*PI()/180) -> 18.402131 | F19: =(F17)/COS('Ashiko Variables'!$D$5*PI()/180) -> 20.446812 | G19: =(G17)/COS('Ashiko Variables'!$D$5*PI()/180) -> 22.491493 | H19: =(H17)/COS('Ashiko Variables'!$D$5*PI()/180) -> 24.536174 | I19: =(I17)/COS('Ashiko Variables'!$D$5*PI()/180) -> 26.580855 | ... M19: =(M17)/COS('Ashiko Variables'!$D$5*PI()/180) -> 34.75958 | N19: x
A20: Cut To Length (in) | B20: =CEILING(B19+'Ashiko Variables'!$B$6, 0.125) -> 12.875 | C20: =CEILING(C19+'Ashiko Variables'!$B$6, 0.125) -> 14.875 | D20: =CEILING(D19+'Ashiko Variables'!$B$6, 0.125) -> 16.875 | E20: =CEILING(E19+'Ashiko Variables'!$B$6, 0.125) -> 19 | F20: =CEILING(F19+'Ashiko Variables'!$B$6, 0.125) -> 21 | G20: =CEILING(G19+'Ashiko Variables'!$B$6, 0.125) -> 23 | H20: =CEILING(H19+'Ashiko Variables'!$B$6, 0.125) -> 25.125 | I20: =CEILING(I19+'Ashiko Variables'!$B$6, 0.125) -> 27.125 | ... M20: =CEILING(M19+'Ashiko Variables'!$B$6, 0.125) -> 35.375 | N20: x
A21: Head Inner Width (in) | B21: =(B16-'Ashiko Variables'!$B$11)*SIN('Ashiko Variables'!$D$3) -> 2.75 | C21: =(C16-'Ashiko Variables'!$B$11)*SIN('Ashiko Variables'!$D$3) -> 3.25 | D21: =(D16-'Ashiko Variables'!$B$11)*SIN('Ashiko Variables'!$D$3) -> 3.75 | E21: =(E16-'Ashiko Variables'!$B$11)*SIN('Ashiko Variables'!$D$3) -> 4.25 | F21: =(F16-'Ashiko Variables'!$B$11)*SIN('Ashiko Variables'!$D$3) -> 4.75 | G21: =(G16-'Ashiko Variables'!$B$11)*SIN('Ashiko Variables'!$D$3) -> 5.25 | H21: =(H16-'Ashiko Variables'!$B$11)*SIN('Ashiko Variables'!$D$3) -> 5.75 | I21: =(I16-'Ashiko Variables'!$B$11)*SIN('Ashiko Variables'!$D$3) -> 6.25 | ... M21: =(M16-'Ashiko Variables'!$B$11)*SIN('Ashiko Variables'!$D$3) -> 8.25
A22: Head Outer Width (in) | B22: =2*(('Ashiko Variables'!$B$1/COS('Ashiko Variables'!$D$5*PI()/180))*TAN('Ashiko Variables'!$D$3)+((B16-'Ashiko Variables'!$B$11)/2)*SIN('Ashiko Variables'!$D$3)) -> 3.6353729 | C22: =2*(('Ashiko Variables'!$B$1/COS('Ashiko Variables'!$D$5*PI()/180))*TAN('Ashiko Variables'!$D$3)+((C16-'Ashiko Variables'!$B$11)/2)*SIN('Ashiko Variables'!$D$3)) -> 4.1353729 | D22: =2*(('Ashiko Variables'!$B$1/COS('Ashiko Variables'!$D$5*PI()/180))*TAN('Ashiko Variables'!$D$3)+((D16-'Ashiko Variables'!$B$11)/2)*SIN('Ashiko Variables'!$D$3)) -> 4.6353729 | E22: =2*(('Ashiko Variables'!$B$1/COS('Ashiko Variables'!$D$5*PI()/180))*TAN('Ashiko Variables'!$D$3)+((E16-'Ashiko Variables'!$B$11)/2)*SIN('Ashiko Variables'!$D$3)) -> 5.1353729 | F22: =2*(('Ashiko Variables'!$B$1/COS('Ashiko Variables'!$D$5*PI()/180))*TAN('Ashiko Variables'!$D$3)+((F16-'Ashiko Variables'!$B$11)/2)*SIN('Ashiko Variables'!$D$3)) -> 5.6353729 | G22: =2*(('Ashiko Variables'!$B$1/COS('Ashiko Variables'!$D$5*PI()/180))*TAN('Ashiko Variables'!$D$3)+((G16-'Ashiko Variables'!$B$11)/2)*SIN('Ashiko Variables'!$D$3)) -> 6.1353729 | H22: =2*(('Ashiko Variables'!$B$1/COS('Ashiko Variables'!$D$5*PI()/180))*TAN('Ashiko Variables'!$D$3)+((H16-'Ashiko Variables'!$B$11)/2)*SIN('Ashiko Variables'!$D$3)) -> 6.6353729 | I22: =2*(('Ashiko Variables'!$B$1/COS('Ashiko Variables'!$D$5*PI()/180))*TAN('Ashiko Variables'!$D$3)+((I16-'Ashiko Variables'!$B$11)/2)*SIN('Ashiko Variables'!$D$3)) -> 7.1353729 | ... M22: =2*(('Ashiko Variables'!$B$1/COS('Ashiko Variables'!$D$5*PI()/180))*TAN('Ashiko Variables'!$D$3)+((M16-'Ashiko Variables'!$B$11)/2)*SIN('Ashiko Variables'!$D$3)) -> 9.1353729
A23: Base Inner Width (in) | B23: =(B18)*SIN('Ashiko Variables'!$D$3) -> 0.19932126 | C23: =(C18)*SIN('Ashiko Variables'!$D$3) -> 0.27420814 | D23: =(D18)*SIN('Ashiko Variables'!$D$3) -> 0.34909501 | E23: =(E18)*SIN('Ashiko Variables'!$D$3) -> 0.42398189 | F23: =(F18)*SIN('Ashiko Variables'!$D$3) -> 0.49886877 | G23: =(G18)*SIN('Ashiko Variables'!$D$3) -> 0.57375564 | H23: =(H18)*SIN('Ashiko Variables'!$D$3) -> 0.64864252 | I23: =(I18)*SIN('Ashiko Variables'!$D$3) -> 0.7235294 | ... M23: =(M18)*SIN('Ashiko Variables'!$D$3) -> 1.0230769 | N23: x
A24: Base Outer Width (in) | B24: =2*(('Ashiko Variables'!$B$1/COS('Ashiko Variables'!$D$5*PI()/180))*TAN('Ashiko Variables'!$D$3)+(B18/2)*SIN('Ashiko Variables'!$D$3)) -> 1.0846942 | C24: =2*(('Ashiko Variables'!$B$1/COS('Ashiko Variables'!$D$5*PI()/180))*TAN('Ashiko Variables'!$D$3)+(C18/2)*SIN('Ashiko Variables'!$D$3)) -> 1.1595811 | D24: =2*(('Ashiko Variables'!$B$1/COS('Ashiko Variables'!$D$5*PI()/180))*TAN('Ashiko Variables'!$D$3)+(D18/2)*SIN('Ashiko Variables'!$D$3)) -> 1.2344679 | E24: =2*(('Ashiko Variables'!$B$1/COS('Ashiko Variables'!$D$5*PI()/180))*TAN('Ashiko Variables'!$D$3)+(E18/2)*SIN('Ashiko Variables'!$D$3)) -> 1.3093548 | F24: =2*(('Ashiko Variables'!$B$1/COS('Ashiko Variables'!$D$5*PI()/180))*TAN('Ashiko Variables'!$D$3)+(F18/2)*SIN('Ashiko Variables'!$D$3)) -> 1.3842417 | G24: =2*(('Ashiko Variables'!$B$1/COS('Ashiko Variables'!$D$5*PI()/180))*TAN('Ashiko Variables'!$D$3)+(G18/2)*SIN('Ashiko Variables'!$D$3)) -> 1.4591286 | H24: =2*(('Ashiko Variables'!$B$1/COS('Ashiko Variables'!$D$5*PI()/180))*TAN('Ashiko Variables'!$D$3)+(H18/2)*SIN('Ashiko Variables'!$D$3)) -> 1.5340154 | I24: =2*(('Ashiko Variables'!$B$1/COS('Ashiko Variables'!$D$5*PI()/180))*TAN('Ashiko Variables'!$D$3)+(I18/2)*SIN('Ashiko Variables'!$D$3)) -> 1.6089023 | ... M24: =2*(('Ashiko Variables'!$B$1/COS('Ashiko Variables'!$D$5*PI()/180))*TAN('Ashiko Variables'!$D$3)+(M18/2)*SIN('Ashiko Variables'!$D$3)) -> 1.9084498

Sheet Method
A1: Step | B1: Tool | C1: Set Up | D1: Stave | E1: Face
A2: Lengthwise Straight Edge Rip | B2: Radial Arm Saw | C2: Conserve AMAP
A3: Stencil | B3: Pencil & Tape Measure | D3: A & B | E3: none
A4: Rip: A1, A2, A3 | B4: Radial Arm Saw | C4: 30 degree bevel rip | D4: A | E4: Right & Left
A5: Rip: B1-B3 | B5: Radial Arm Saw | C5: 30 degree bevel rip | D5: B | E5: Right
A6: Xcut: Tops of A1-A3 | B6: Radial Arm Saw | C6: 90 degree Xcut | D6: A | E6: Top
A7: Xcut: Tops and Bottoms of B1-B3 | B7: Radial Arm Saw
A8: Dowel Bore into end grain: A1-A3 | B8: Drill Press | C8: 1/4" Bit
A9: Dowel Bore w/ 9.5 degree Jig: B1-B3 | B9: Drill Press | C9: 1/4" Bit
A10: 45 Miter: A1-A3 | B10: Radial Arm Saw
A11: Flute: A1-A3 | B11: Router
A12: 35.5 Miter: Tops of B1-B3 | B12: Radial Arm Saw
F17: Right
F18: Left
F19: Top
F20: Bottom
F21: Inside
F22: Outside
