Workbook

Sheet BillOfMaterials
B1: Assembly Name : | C1: 18 Stave Hardwood Ashiko | F1: [42]
B3: Quote Date: | C3: 41999
B4: Estimated Cost : | C4: =BillOfMaterials!$I$14 -> 78 | D4: *
A6: Ashiko Hand Drum
A7: Part # | B7: Part Name | C7: Description | D7: Qty | E7: Units | F7: Picture | G7: Supplier | H7: Cost Each | I7: Total
A8: 1 | B8: 3/4 Hardwood Lumber | C8: Dried and surfaced hardwood of various sorts including domestic and imported species. Stave Dimensions (0.75x2x19) | D8: 6 | E8: Board Feet | H8: 3.5 | I8: =BillOfMaterials!$D8*BillOfMaterials!$H8 -> 21
A9: 2 | B9: Steel Ring | C9: Prefabricated 1/4" steel ring. One small ring for the bottom and two larger rings for the top. | D9: 3 | E9: Rings | H9: 4 | I9: =BillOfMaterials!$D9*BillOfMaterials!$H9 -> 12
A10: 3 | B10: Goat Skin | C10: Hairless goat skin large enough to fit the diameter of the drum head. | D10: 1 | E10: Goat | H10: 10 | I10: =BillOfMaterials!$D10*BillOfMaterials!$H10 -> 10
A11: 4 | B11: Polyester Rope | C11: 3/16" double-braided polyester with a low-stretch core, various color options available. | D11: 1200 | E11: Feet | H11: =0.125/10 -> 0.0125 | I11: =BillOfMaterials!$D11*BillOfMaterials!$H11 -> 15
A12: 5 | B12: Fabric | C12: 2" strip of decorative fabric used to wrap the top and bottom steel rings. | D12: 60 | E12: Inches | H12: 0 | I12: =BillOfMaterials!$D12*BillOfMaterials!$H12 -> 0
A13: 6 | B13: Supplies | C13: Sandpaper, wood glue, lacquer, and other misc supplies. | D13: 1 | H13: 20 | I13: =BillOfMaterials!$D13*BillOfMaterials!$H13 -> 20
B14: Notes: | H14: Total | I14: =SUBTOTAL(109,BillOfMaterials!$I$8:$I$13) -> 78
A15: ~ | B15: 3/4" Lumber Purchased @ Youngblood Lumber Company:
A16: ~ | B16: 5: Cherry (Ch) | C16: 5: Hard Maple (HM) | D16: 1: Padauk (Pd) | E16: 1: Purple Heart (Ph)
A17: * | B17: Price based on bulk discount of 7 or more assemblies using Hard Maple and/or Cherry

Sheet Revisions
A1: Revision History
B3: Assembly Name :
B4: Assembly Number :
A6: Revision | B6: Revision Summary | C6: Approval Date

Sheet Example
A1: Bill of Materials for LEGO® Design
L2: © 2012-2014 Vertex42 LLC
D3: Assembly Name : | E3: Mini X-Wing™ | H3: [42] | L3: Bill of Materials Template
D4: Assembly Number : | E4: Custom
D5: Assembly Revision :
D6: Approval Date :
D7: Pieces : | E7: =Example!$F$31 -> 46
D8: Total Cost : | E8: =Example!$J$31 -> 5.85
A10: Category | B10: Part # | C10: Elem ID | D10: Part Name | E10: Color | F10: Qty | G10: Units | H10: Picture | I10: Unit Cost | J10: Cost
A11: Bricks, Sloping | B11: 50746 | C11: 4504369 | D11: ROOF TILE 1X1X2/3, ABS | E11: 1 - White | F11: 1 | G11: each | I11: 0.1 | J11: =Example!$F11*Example!$I11 -> 0.1
A12: Plates | B12: 3024 | C12: 302401 | D12: PLATE 1X1 | E12: 1 - White | F12: 1 | G12: each | I12: 0.1 | J12: =Example!$F12*Example!$I12 -> 0.1
A13: Plates | B13: 3023 | C13: 302301 | D13: PLATE 1X2 | E13: 1 - White | F13: 2 | G13: each | I13: 0.1 | J13: =Example!$F13*Example!$I13 -> 0.2
A14: Plates | B14: 3023 | C14: 4211398 | D14: PLATE 1X2 | E14: 194 - Medium Stone Grey | F14: 1 | G14: each | I14: 0.1 | J14: =Example!$F14*Example!$I14 -> 0.1
A15: Plates | B15: 3794 | C15: 379401 | D15: PLATE 1X2 W. 1 KNOB | E15: 1 - White | F15: 1 | G15: each | I15: 0.1 | J15: =Example!$F15*Example!$I15 -> 0.1
A16: Plates | B16: 3623 | C16: 362301 | D16: PLATE 1X3 | E16: 1 - White | F16: 1 | G16: each | I16: 0.1 | J16: =Example!$F16*Example!$I16 -> 0.1
A17: Plates | B17: 3623 | C17: 362321 | D17: PLATE 1X3 | E17: 21 - Bright Red | F17: 1 | G17: each | I17: 0.1 | J17: =Example!$F17*Example!$I17 -> 0.1
A18: Plates | B18: 94148 | C18: 302201 | D18: PLATE 2X2 | E18: 1 - White | F18: 1 | G18: each | I18: 0.15 | J18: =Example!$F18*Example!$I18 -> 0.15
A19: Plates, Special | B19: 6141 | C19: 4210633 | D19: PLATE 1X1 ROUND | E19: 199 - Dark Stone Grey | F19: 1 | G19: each | I19: 0.1 | J19: =Example!$F19*Example!$I19 -> 0.1
A20: Plates, Special | B20: 3070 | C20: 307021 | D20: FLAT TILE 1X1 | E20: 21 - Bright Red | F20: 4 | G20: each | I20: 0.1 | J20: =Example!$F20*Example!$I20 -> 0.4
A21: Plates, Special | B21: 2412 | C21: 241201 | D21: RADIATOR GRILLE 1X2 | E21: 1 - White | F21: 1 | G21: each | I21: 0.1 | J21: =Example!$F21*Example!$I21 -> 0.1
A22: Plates, Special | B22: 6019 | C22: 4538353 | D22: PLATE 1X1 W/HOLDER VERTICAL | E22: 1 - White | F22: 4 | G22: each | I22: 0.15 | J22: =Example!$F22*Example!$I22 -> 0.6
... A30: Accessories | B30: 3957 | C30: 4211473 | D30: STICK/AERIAL | E30: 194 - Medium Stone Grey | F30: 4 | G30: each | I30: 0.1 | J30: =Example!$F30*Example!$I30 -> 0.4
D31: Total | F31: =SUBTOTAL(109,Example!$F$11:$F$30) -> 46 | J31: =SUBTOTAL(109,Example!$J$11:$J$30) -> 5.85

Sheet ©
B1: Bill of Materials Template
B3: By Vertex42.com
B4: http://www.vertex42.com/ExcelTemplates/bill-of-materials.html
B6: © 2012-2014 Vertex42 LLC
B8: This spreadsheet, including all worksheets and associated content is considered a copyrighted work under the United States and other copyright laws.
B10: Do not submit copies or modifications of this template to any website or online template gallery.
B12: Please review the following license agreement to learn how you may or may not use this template. Thank you.
B14: See License Agreement
B15: http://www.vertex42.com/licensing/EULA_privateuse.html
B17: Do not delete this worksheet. If necessary, you may hide it by right-clicking on the tab and selecting Hide.
